NAME;GROUP_COMMON_NAME;GROUP_SCIENTIFIC_NAME
Acanthaceae;Flowering plants ;Angiosperms
Achariaceae;Flowering plants ;Angiosperms
Achatocarpaceae;Flowering plants ;Angiosperms
Acoraceae;Flowering plants ;Angiosperms
Actinidiaceae;Flowering plants ;Angiosperms
Adoxaceae;Flowering plants ;Angiosperms
Aextoxicaceae;Flowering plants ;Angiosperms
Aizoaceae;Flowering plants ;Angiosperms
Akaniaceae;Flowering plants ;Angiosperms
Alismataceae;Flowering plants ;Angiosperms
Alseuosmiaceae;Flowering plants ;Angiosperms
Alstroemeriaceae;Flowering plants ;Angiosperms
Altingiaceae;Flowering plants ;Angiosperms
Amaranthaceae;Flowering plants ;Angiosperms
Amaryllidaceae;Flowering plants ;Angiosperms
Amborellaceae;Flowering plants ;Angiosperms
Anacampserotaceae;Flowering plants ;Angiosperms
Anacardiaceae;Flowering plants ;Angiosperms
Anarthriaceae;Flowering plants ;Angiosperms
Ancistrocladaceae;Flowering plants ;Angiosperms
Anisophylleaceae;Flowering plants ;Angiosperms
Annonaceae;Flowering plants ;Angiosperms
Aphanopetalaceae;Flowering plants ;Angiosperms
Aphloiaceae;Flowering plants ;Angiosperms
Apiaceae;Flowering plants ;Angiosperms
Apocynaceae;Flowering plants ;Angiosperms
Apodanthaceae;Flowering plants ;Angiosperms
Aponogetonaceae;Flowering plants ;Angiosperms
Aquifoliaceae;Flowering plants ;Angiosperms
Araceae;Flowering plants ;Angiosperms
Araliaceae;Flowering plants ;Angiosperms
Arecaceae;Flowering plants ;Angiosperms
Argophyllaceae;Flowering plants ;Angiosperms
Aristolochiaceae;Flowering plants ;Angiosperms
Asparagaceae;Flowering plants ;Angiosperms
Asteliaceae;Flowering plants ;Angiosperms
Asteropeiaceae;Flowering plants ;Angiosperms
Atherospermataceae;Flowering plants ;Angiosperms
Austrobaileyaceae;Flowering plants ;Angiosperms
Balanopaceae;Flowering plants ;Angiosperms
Balanophoraceae;Flowering plants ;Angiosperms
Balsaminaceae;Flowering plants ;Angiosperms
Barbeuiaceae;Flowering plants ;Angiosperms
Barbeyaceae;Flowering plants ;Angiosperms
Basellaceae;Flowering plants ;Angiosperms
Bataceae;Flowering plants ;Angiosperms
Begoniaceae;Flowering plants ;Angiosperms
Berberidaceae;Flowering plants ;Angiosperms
Berberidopsidaceae;Flowering plants ;Angiosperms
Betulaceae;Flowering plants ;Angiosperms
Biebersteiniaceae;Flowering plants ;Angiosperms
Bignoniaceae;Flowering plants ;Angiosperms
Bixaceae;Flowering plants ;Angiosperms
Blandfordiaceae;Flowering plants ;Angiosperms
Bonnetiaceae;Flowering plants ;Angiosperms
Boraginaceae;Flowering plants ;Angiosperms
Boryaceae;Flowering plants ;Angiosperms
Brassicaceae;Flowering plants ;Angiosperms
Bromeliaceae;Flowering plants ;Angiosperms
Brunelliaceae;Flowering plants ;Angiosperms
Bruniaceae;Flowering plants ;Angiosperms
Burmanniaceae;Flowering plants ;Angiosperms
Burseraceae;Flowering plants ;Angiosperms
Butomaceae;Flowering plants ;Angiosperms
Buxaceae;Flowering plants ;Angiosperms
Byblidaceae;Flowering plants ;Angiosperms
Cabombaceae;Flowering plants ;Angiosperms
Cactaceae;Flowering plants ;Angiosperms
Calceolariaceae;Flowering plants ;Angiosperms
Calophyllaceae;Flowering plants ;Angiosperms
Calycanthaceae;Flowering plants ;Angiosperms
Calyceraceae;Flowering plants ;Angiosperms
Campanulaceae;Flowering plants ;Angiosperms
Campynemataceae;Flowering plants ;Angiosperms
Canellaceae;Flowering plants ;Angiosperms
Cannabaceae;Flowering plants ;Angiosperms
Cannaceae;Flowering plants ;Angiosperms
Capparaceae;Flowering plants ;Angiosperms
Caprifoliaceae;Flowering plants ;Angiosperms
Cardiopteridaceae;Flowering plants ;Angiosperms
Caricaceae;Flowering plants ;Angiosperms
Carlemanniaceae;Flowering plants ;Angiosperms
Caryocaraceae;Flowering plants ;Angiosperms
Caryophyllaceae;Flowering plants ;Angiosperms
Casuarinaceae;Flowering plants ;Angiosperms
Celastraceae;Flowering plants ;Angiosperms
Centrolepidaceae;Flowering plants ;Angiosperms
Centroplacaceae;Flowering plants ;Angiosperms
Cephalotaceae;Flowering plants ;Angiosperms
Ceratophyllaceae;Flowering plants ;Angiosperms
Cercidiphyllaceae;Flowering plants ;Angiosperms
Chloranthaceae;Flowering plants ;Angiosperms
Chrysobalanaceae;Flowering plants ;Angiosperms
Circaeasteraceae;Flowering plants ;Angiosperms
Cistaceae;Flowering plants ;Angiosperms
Cleomaceae;Flowering plants ;Angiosperms
Clethraceae;Flowering plants ;Angiosperms
Clusiaceae;Flowering plants ;Angiosperms
Colchicaceae;Flowering plants ;Angiosperms
Columelliaceae;Flowering plants ;Angiosperms
Combretaceae;Flowering plants ;Angiosperms
Commelinaceae;Flowering plants ;Angiosperms
Compositae;Flowering plants ;Angiosperms
Connaraceae;Flowering plants ;Angiosperms
Convolvulaceae;Flowering plants ;Angiosperms
Coriariaceae;Flowering plants ;Angiosperms
Cornaceae;Flowering plants ;Angiosperms
Corsiaceae;Flowering plants ;Angiosperms
Corynocarpaceae;Flowering plants ;Angiosperms
Costaceae;Flowering plants ;Angiosperms
Crassulaceae;Flowering plants ;Angiosperms
Crossosomataceae;Flowering plants ;Angiosperms
Ctenolophonaceae;Flowering plants ;Angiosperms
Cucurbitaceae;Flowering plants ;Angiosperms
Cunoniaceae;Flowering plants ;Angiosperms
Curtisiaceae;Flowering plants ;Angiosperms
Cyclanthaceae;Flowering plants ;Angiosperms
Cymodoceaceae;Flowering plants ;Angiosperms
Cynomoriaceae;Flowering plants ;Angiosperms
Cyperaceae;Flowering plants ;Angiosperms
Cyrillaceae;Flowering plants ;Angiosperms
Cytinaceae;Flowering plants ;Angiosperms
Daphniphyllaceae;Flowering plants ;Angiosperms
Dasypogonaceae;Flowering plants ;Angiosperms
Datiscaceae;Flowering plants ;Angiosperms
Degeneriaceae;Flowering plants ;Angiosperms
Diapensiaceae;Flowering plants ;Angiosperms
Dichapetalaceae;Flowering plants ;Angiosperms
Didiereaceae;Flowering plants ;Angiosperms
Dilleniaceae;Flowering plants ;Angiosperms
Dioncophyllaceae;Flowering plants ;Angiosperms
Dioscoreaceae;Flowering plants ;Angiosperms
Dipentodontaceae;Flowering plants ;Angiosperms
Dipterocarpaceae;Flowering plants ;Angiosperms
Dirachmaceae;Flowering plants ;Angiosperms
Doryanthaceae;Flowering plants ;Angiosperms
Droseraceae;Flowering plants ;Angiosperms
Drosophyllaceae;Flowering plants ;Angiosperms
Ebenaceae;Flowering plants ;Angiosperms
Ecdeiocoleaceae;Flowering plants ;Angiosperms
Elaeagnaceae;Flowering plants ;Angiosperms
Elaeocarpaceae;Flowering plants ;Angiosperms
Elatinaceae;Flowering plants ;Angiosperms
Emblingiaceae;Flowering plants ;Angiosperms
Ericaceae;Flowering plants ;Angiosperms
Eriocaulaceae;Flowering plants ;Angiosperms
Erythroxylaceae;Flowering plants ;Angiosperms
Escalloniaceae;Flowering plants ;Angiosperms
Eucommiaceae;Flowering plants ;Angiosperms
Euphorbiaceae;Flowering plants ;Angiosperms
Euphroniaceae;Flowering plants ;Angiosperms
Eupomatiaceae;Flowering plants ;Angiosperms
Eupteleaceae;Flowering plants ;Angiosperms
Fagaceae;Flowering plants ;Angiosperms
Flacourtiaceae;Flowering plants ;Angiosperms
Flagellariaceae;Flowering plants ;Angiosperms
Fouquieriaceae;Flowering plants ;Angiosperms
Frankeniaceae;Flowering plants ;Angiosperms
Garryaceae;Flowering plants ;Angiosperms
Geissolomataceae;Flowering plants ;Angiosperms
Gelsemiaceae;Flowering plants ;Angiosperms
Gentianaceae;Flowering plants ;Angiosperms
Geraniaceae;Flowering plants ;Angiosperms
Gerrardinaceae;Flowering plants ;Angiosperms
Gesneriaceae;Flowering plants ;Angiosperms
Gisekiaceae;Flowering plants ;Angiosperms
Gomortegaceae;Flowering plants ;Angiosperms
Goodeniaceae;Flowering plants ;Angiosperms
Goupiaceae;Flowering plants ;Angiosperms
Grossulariaceae;Flowering plants ;Angiosperms
Grubbiaceae;Flowering plants ;Angiosperms
Guamatelaceae;Flowering plants ;Angiosperms
Gunneraceae;Flowering plants ;Angiosperms
Gyrostemonaceae;Flowering plants ;Angiosperms
Haemodoraceae;Flowering plants ;Angiosperms
Halophytaceae;Flowering plants ;Angiosperms
Haloragaceae;Flowering plants ;Angiosperms
Hamamelidaceae;Flowering plants ;Angiosperms
Hanguanaceae;Flowering plants ;Angiosperms
Haptanthaceae;Flowering plants ;Angiosperms
Heliconiaceae;Flowering plants ;Angiosperms
Helwingiaceae;Flowering plants ;Angiosperms
Hernandiaceae;Flowering plants ;Angiosperms
Himantandraceae;Flowering plants ;Angiosperms
Huaceae;Flowering plants ;Angiosperms
Humiriaceae;Flowering plants ;Angiosperms
Hydatellaceae;Flowering plants ;Angiosperms
Hydnoraceae;Flowering plants ;Angiosperms
Hydrangeaceae;Flowering plants ;Angiosperms
Hydrocharitaceae;Flowering plants ;Angiosperms
Hydroleaceae;Flowering plants ;Angiosperms
Hydrostachyaceae;Flowering plants ;Angiosperms
Hypericaceae;Flowering plants ;Angiosperms
Hypoxidaceae;Flowering plants ;Angiosperms
Icacinaceae;Flowering plants ;Angiosperms
Iridaceae;Flowering plants ;Angiosperms
Irvingiaceae;Flowering plants ;Angiosperms
Iteaceae;Flowering plants ;Angiosperms
Ixioliriaceae;Flowering plants ;Angiosperms
Ixonanthaceae;Flowering plants ;Angiosperms
Joinvilleaceae;Flowering plants ;Angiosperms
Juglandaceae;Flowering plants ;Angiosperms
Juncaceae;Flowering plants ;Angiosperms
Juncaginaceae;Flowering plants ;Angiosperms
Kirkiaceae;Flowering plants ;Angiosperms
Koeberliniaceae;Flowering plants ;Angiosperms
Krameriaceae;Flowering plants ;Angiosperms
Lacistemataceae;Flowering plants ;Angiosperms
Lactoridaceae;Flowering plants ;Angiosperms
Lamiaceae;Flowering plants ;Angiosperms
Lanariaceae;Flowering plants ;Angiosperms
Lardizabalaceae;Flowering plants ;Angiosperms
Lauraceae;Flowering plants ;Angiosperms
Lecythidaceae;Flowering plants ;Angiosperms
Leguminosae;Flowering plants ;Angiosperms
Lentibulariaceae;Flowering plants ;Angiosperms
Lepidobotryaceae;Flowering plants ;Angiosperms
Liliaceae;Flowering plants ;Angiosperms
Limeaceae;Flowering plants ;Angiosperms
Limnanthaceae;Flowering plants ;Angiosperms
Linaceae;Flowering plants ;Angiosperms
Linderniaceae;Flowering plants ;Angiosperms
Loasaceae;Flowering plants ;Angiosperms
Loganiaceae;Flowering plants ;Angiosperms
Lophiocarpaceae;Flowering plants ;Angiosperms
Lophopyxidaceae;Flowering plants ;Angiosperms
Loranthaceae;Flowering plants ;Angiosperms
Lowiaceae;Flowering plants ;Angiosperms
Lythraceae;Flowering plants ;Angiosperms
Magnoliaceae;Flowering plants ;Angiosperms
Malpighiaceae;Flowering plants ;Angiosperms
Malvaceae;Flowering plants ;Angiosperms
Marantaceae;Flowering plants ;Angiosperms
Marcgraviaceae;Flowering plants ;Angiosperms
Martyniaceae;Flowering plants ;Angiosperms
Mayacaceae;Flowering plants ;Angiosperms
Melanthiaceae;Flowering plants ;Angiosperms
Melastomataceae;Flowering plants ;Angiosperms
Meliaceae;Flowering plants ;Angiosperms
Melianthaceae;Flowering plants ;Angiosperms
Menispermaceae;Flowering plants ;Angiosperms
Menyanthaceae;Flowering plants ;Angiosperms
Metteniusaceae;Flowering plants ;Angiosperms
Misodendraceae;Flowering plants ;Angiosperms
Mitrastemonaceae;Flowering plants ;Angiosperms
Molluginaceae;Flowering plants ;Angiosperms
Monimiaceae;Flowering plants ;Angiosperms
Montiaceae;Flowering plants ;Angiosperms
Montiniaceae;Flowering plants ;Angiosperms
Moraceae;Flowering plants ;Angiosperms
Moringaceae;Flowering plants ;Angiosperms
Muntingiaceae;Flowering plants ;Angiosperms
Musaceae;Flowering plants ;Angiosperms
Myodocarpaceae;Flowering plants ;Angiosperms
Myricaceae;Flowering plants ;Angiosperms
Myristicaceae;Flowering plants ;Angiosperms
Myrothamnaceae;Flowering plants ;Angiosperms
Myrtaceae;Flowering plants ;Angiosperms
Nartheciaceae;Flowering plants ;Angiosperms
Nelumbonaceae;Flowering plants ;Angiosperms
Nepenthaceae;Flowering plants ;Angiosperms
Neuradaceae;Flowering plants ;Angiosperms
Nitrariaceae;Flowering plants ;Angiosperms
Nothofagaceae;Flowering plants ;Angiosperms
Nyctaginaceae;Flowering plants ;Angiosperms
Nymphaeaceae;Flowering plants ;Angiosperms
Ochnaceae;Flowering plants ;Angiosperms
Olacaceae;Flowering plants ;Angiosperms
Oleaceae;Flowering plants ;Angiosperms
Onagraceae;Flowering plants ;Angiosperms
Oncothecaceae;Flowering plants ;Angiosperms
Opiliaceae;Flowering plants ;Angiosperms
Orchidaceae;Flowering plants ;Angiosperms
Orobanchaceae;Flowering plants ;Angiosperms
Oxalidaceae;Flowering plants ;Angiosperms
Paeoniaceae;Flowering plants ;Angiosperms
Pandaceae;Flowering plants ;Angiosperms
Pandanaceae;Flowering plants ;Angiosperms
Papaveraceae;Flowering plants ;Angiosperms
Paracryphiaceae;Flowering plants ;Angiosperms
Passifloraceae;Flowering plants ;Angiosperms
Paulowniaceae;Flowering plants ;Angiosperms
Pedaliaceae;Flowering plants ;Angiosperms
Penaeaceae;Flowering plants ;Angiosperms
Pennantiaceae;Flowering plants ;Angiosperms
Pentadiplandraceae;Flowering plants ;Angiosperms
Pentaphragmataceae;Flowering plants ;Angiosperms
Pentaphylacaceae;Flowering plants ;Angiosperms
Penthoraceae;Flowering plants ;Angiosperms
Peraceae;Flowering plants ;Angiosperms
Peridiscaceae;Flowering plants ;Angiosperms
Petenaeaceae;Flowering plants ;Angiosperms
Petermanniaceae;Flowering plants ;Angiosperms
Petrosaviaceae;Flowering plants ;Angiosperms
Phellinaceae;Flowering plants ;Angiosperms
Philesiaceae;Flowering plants ;Angiosperms
Philydraceae;Flowering plants ;Angiosperms
Phrymaceae;Flowering plants ;Angiosperms
Phyllanthaceae;Flowering plants ;Angiosperms
Phyllonomaceae;Flowering plants ;Angiosperms
Physenaceae;Flowering plants ;Angiosperms
Phytolaccaceae;Flowering plants ;Angiosperms
Picramniaceae;Flowering plants ;Angiosperms
Picrodendraceae;Flowering plants ;Angiosperms
Piperaceae;Flowering plants ;Angiosperms
Pittosporaceae;Flowering plants ;Angiosperms
Plantaginaceae;Flowering plants ;Angiosperms
Platanaceae;Flowering plants ;Angiosperms
Plocospermataceae;Flowering plants ;Angiosperms
Plumbaginaceae;Flowering plants ;Angiosperms
Poaceae;Flowering plants ;Angiosperms
Podostemaceae;Flowering plants ;Angiosperms
Polemoniaceae;Flowering plants ;Angiosperms
Polygalaceae;Flowering plants ;Angiosperms
Polygonaceae;Flowering plants ;Angiosperms
Pontederiaceae;Flowering plants ;Angiosperms
Portulacaceae;Flowering plants ;Angiosperms
Posidoniaceae;Flowering plants ;Angiosperms
Potamogetonaceae;Flowering plants ;Angiosperms
Primulaceae;Flowering plants ;Angiosperms
Proteaceae;Flowering plants ;Angiosperms
Putranjivaceae;Flowering plants ;Angiosperms
Quillajaceae;Flowering plants ;Angiosperms
Rafflesiaceae;Flowering plants ;Angiosperms
Ranunculaceae;Flowering plants ;Angiosperms
Rapateaceae;Flowering plants ;Angiosperms
Resedaceae;Flowering plants ;Angiosperms
Restionaceae;Flowering plants ;Angiosperms
Rhabdodendraceae;Flowering plants ;Angiosperms
Rhamnaceae;Flowering plants ;Angiosperms
Rhipogonaceae;Flowering plants ;Angiosperms
Rhizophoraceae;Flowering plants ;Angiosperms
Roridulaceae;Flowering plants ;Angiosperms
Rosaceae;Flowering plants ;Angiosperms
Rousseaceae;Flowering plants ;Angiosperms
Rubiaceae;Flowering plants ;Angiosperms
Ruppiaceae;Flowering plants ;Angiosperms
Rutaceae;Flowering plants ;Angiosperms
Sabiaceae;Flowering plants ;Angiosperms
Salicaceae;Flowering plants ;Angiosperms
Salvadoraceae;Flowering plants ;Angiosperms
Santalaceae;Flowering plants ;Angiosperms
Sapindaceae;Flowering plants ;Angiosperms
Sapotaceae;Flowering plants ;Angiosperms
Sarcobataceae;Flowering plants ;Angiosperms
Sarcolaenaceae;Flowering plants ;Angiosperms
Sarraceniaceae;Flowering plants ;Angiosperms
Saururaceae;Flowering plants ;Angiosperms
Saxifragaceae;Flowering plants ;Angiosperms
Scheuchzeriaceae;Flowering plants ;Angiosperms
Schisandraceae;Flowering plants ;Angiosperms
Schlegeliaceae;Flowering plants ;Angiosperms
Schoepfiaceae;Flowering plants ;Angiosperms
Scrophulariaceae;Flowering plants ;Angiosperms
Setchellanthaceae;Flowering plants ;Angiosperms
Simaroubaceae;Flowering plants ;Angiosperms
Simmondsiaceae;Flowering plants ;Angiosperms
Siparunaceae;Flowering plants ;Angiosperms
Sladeniaceae;Flowering plants ;Angiosperms
Smilacaceae;Flowering plants ;Angiosperms
Solanaceae;Flowering plants ;Angiosperms
Sphaerosepalaceae;Flowering plants ;Angiosperms
Sphenocleaceae;Flowering plants ;Angiosperms
Stachyuraceae;Flowering plants ;Angiosperms
Staphyleaceae;Flowering plants ;Angiosperms
Stegnospermataceae;Flowering plants ;Angiosperms
Stemonaceae;Flowering plants ;Angiosperms
Stemonuraceae;Flowering plants ;Angiosperms
Stilbaceae;Flowering plants ;Angiosperms
Strasburgeriaceae;Flowering plants ;Angiosperms
Strelitziaceae;Flowering plants ;Angiosperms
Stylidiaceae;Flowering plants ;Angiosperms
Styracaceae;Flowering plants ;Angiosperms
Surianaceae;Flowering plants ;Angiosperms
Symplocaceae;Flowering plants ;Angiosperms
Talinaceae;Flowering plants ;Angiosperms
Tamaricaceae;Flowering plants ;Angiosperms
Tapisciaceae;Flowering plants ;Angiosperms
Tecophilaeaceae;Flowering plants ;Angiosperms
Tetrachondraceae;Flowering plants ;Angiosperms
Tetramelaceae;Flowering plants ;Angiosperms
Tetrameristaceae;Flowering plants ;Angiosperms
Theaceae;Flowering plants ;Angiosperms
Thomandersiaceae;Flowering plants ;Angiosperms
Thurniaceae;Flowering plants ;Angiosperms
Thymelaeaceae;Flowering plants ;Angiosperms
Ticodendraceae;Flowering plants ;Angiosperms
Tofieldiaceae;Flowering plants ;Angiosperms
Torricelliaceae;Flowering plants ;Angiosperms
Tovariaceae;Flowering plants ;Angiosperms
Trigoniaceae;Flowering plants ;Angiosperms
Trimeniaceae;Flowering plants ;Angiosperms
Triuridaceae;Flowering plants ;Angiosperms
Trochodendraceae;Flowering plants ;Angiosperms
Tropaeolaceae;Flowering plants ;Angiosperms
Typhaceae;Flowering plants ;Angiosperms
Ulmaceae;Flowering plants ;Angiosperms
Urticaceae;Flowering plants ;Angiosperms
Vahliaceae;Flowering plants ;Angiosperms
Velloziaceae;Flowering plants ;Angiosperms
Verbenaceae;Flowering plants ;Angiosperms
Violaceae;Flowering plants ;Angiosperms
Vitaceae;Flowering plants ;Angiosperms
Vivianiaceae;Flowering plants ;Angiosperms
Vochysiaceae;Flowering plants ;Angiosperms
Winteraceae;Flowering plants ;Angiosperms
Xanthorrhoeaceae;Flowering plants ;Angiosperms
Xeronemataceae;Flowering plants ;Angiosperms
Xyridaceae;Flowering plants ;Angiosperms
Zingiberaceae;Flowering plants ;Angiosperms
Zosteraceae;Flowering plants ;Angiosperms
Zygophyllaceae;Flowering plants ;Angiosperms
Araucariaceae;Conifers, cycads and allies ;Gymnosperms
Cupressaceae;Conifers, cycads and allies ;Gymnosperms
Cycadaceae;Conifers, cycads and allies ;Gymnosperms
Ephedraceae;Conifers, cycads and allies ;Gymnosperms
Ginkgoaceae;Conifers, cycads and allies ;Gymnosperms
Gnetaceae;Conifers, cycads and allies ;Gymnosperms
Pinaceae;Conifers, cycads and allies ;Gymnosperms
Podocarpaceae;Conifers, cycads and allies ;Gymnosperms
Sciadopityaceae;Conifers, cycads and allies ;Gymnosperms
Taxaceae;Conifers, cycads and allies ;Gymnosperms
Welwitschiaceae;Conifers, cycads and allies ;Gymnosperms
Zamiaceae;Conifers, cycads and allies ;Gymnosperms
Anemiaceae;Ferns and fern allies ;Pteridophytes
Apleniaceae;Ferns and fern allies ;Pteridophytes
Aspleniaceae;Ferns and fern allies ;Pteridophytes
Athyriaceae;Ferns and fern allies ;Pteridophytes
Blechnaceae;Ferns and fern allies ;Pteridophytes
Cibotiaceae;Ferns and fern allies ;Pteridophytes
Culcitaceae;Ferns and fern allies ;Pteridophytes
Cyatheaceae;Ferns and fern allies ;Pteridophytes
Cystodiaceae;Ferns and fern allies ;Pteridophytes
Cystopteridaceae;Ferns and fern allies ;Pteridophytes
Davalliaceae;Ferns and fern allies ;Pteridophytes
Dennstaedtiaceae;Ferns and fern allies ;Pteridophytes
Dicksoniaceae;Ferns and fern allies ;Pteridophytes
Diplaziopsidaceae;Ferns and fern allies ;Pteridophytes
Dipteridaceae;Ferns and fern allies ;Pteridophytes
Dryopteridacae;Ferns and fern allies ;Pteridophytes
Dryopteridaceae;Ferns and fern allies ;Pteridophytes
Equisetaceae;Ferns and fern allies ;Pteridophytes
Gleicheniaceae;Ferns and fern allies ;Pteridophytes
Hymenophyllaceae;Ferns and fern allies ;Pteridophytes
Hypodematiaceae;Ferns and fern allies ;Pteridophytes
Isoëtaceae;Ferns and fern allies ;Pteridophytes
Lindsaeaceae;Ferns and fern allies ;Pteridophytes
Lomariopsidaceae;Ferns and fern allies ;Pteridophytes
Lonchitidaceae;Ferns and fern allies ;Pteridophytes
Loxsomataceae;Ferns and fern allies ;Pteridophytes
Lycopodiaceae;Ferns and fern allies ;Pteridophytes
Lygodiaceae;Ferns and fern allies ;Pteridophytes
Marattiaceae;Ferns and fern allies ;Pteridophytes
Marsileaceae;Ferns and fern allies ;Pteridophytes
Matoniaceae;Ferns and fern allies ;Pteridophytes
Metaxyaceae;Ferns and fern allies ;Pteridophytes
Nephrolepidaceae;Ferns and fern allies ;Pteridophytes
Oleandraceae;Ferns and fern allies ;Pteridophytes
Onocleaceae;Ferns and fern allies ;Pteridophytes
Ophioglossaceae;Ferns and fern allies ;Pteridophytes
Osmundaceae;Ferns and fern allies ;Pteridophytes
Plagiogyriaceae;Ferns and fern allies ;Pteridophytes
Polypodiaceae;Ferns and fern allies ;Pteridophytes
Psilotaceae;Ferns and fern allies ;Pteridophytes
Pteridaceae;Ferns and fern allies ;Pteridophytes
Rhachidosoraceae;Ferns and fern allies ;Pteridophytes
Saccolomataceae;Ferns and fern allies ;Pteridophytes
Salviniaceae;Ferns and fern allies ;Pteridophytes
Schizaeaceae;Ferns and fern allies ;Pteridophytes
Selaginellaceae;Ferns and fern allies ;Pteridophytes
Tectariaceae;Ferns and fern allies ;Pteridophytes
Thelypteridaceae;Ferns and fern allies ;Pteridophytes
Thyrsopteridaceae;Ferns and fern allies ;Pteridophytes
Woodsiaceae;Ferns and fern allies ;Pteridophytes
Acrobolbaceae;Mosses and liverworts ;Bryophytes
Adelanthaceae;Mosses and liverworts ;Bryophytes
Allisoniaceae;Mosses and liverworts ;Bryophytes
Amblystegiaceae;Mosses and liverworts ;Bryophytes
Anastrophyllaceae;Mosses and liverworts ;Bryophytes
Andreaeaceae;Mosses and liverworts ;Bryophytes
Andreaeobryaceae;Mosses and liverworts ;Bryophytes
Aneuraceae;Mosses and liverworts ;Bryophytes
Antheliaceae;Mosses and liverworts ;Bryophytes
Anthocerotaceae;Mosses and liverworts ;Bryophytes
Archidiaceae;Mosses and liverworts ;Bryophytes
Arnelliaceae;Mosses and liverworts ;Bryophytes
Aulacomniaceae;Mosses and liverworts ;Bryophytes
Aytoniaceae;Mosses and liverworts ;Bryophytes
Balantiopsaceae;Mosses and liverworts ;Bryophytes
Bartramiaceae;Mosses and liverworts ;Bryophytes
Blasiaceae;Mosses and liverworts ;Bryophytes
Brachytheciaceae;Mosses and liverworts ;Bryophytes
Brevianthaceae;Mosses and liverworts ;Bryophytes
Bruchiaceae;Mosses and liverworts ;Bryophytes
Bryaceae;Mosses and liverworts ;Bryophytes
Bryobartramiaceae;Mosses and liverworts ;Bryophytes
Bryoxiphiaceae;Mosses and liverworts ;Bryophytes
Buxbaumiaceae;Mosses and liverworts ;Bryophytes
Calomniaceae;Mosses and liverworts ;Bryophytes
Calymperaceae;Mosses and liverworts ;Bryophytes
Calypogeiaceae;Mosses and liverworts ;Bryophytes
Catagoniaceae;Mosses and liverworts ;Bryophytes
Catoscopiaceae;Mosses and liverworts ;Bryophytes
Cephaloziaceae;Mosses and liverworts ;Bryophytes
Cephaloziellaceae;Mosses and liverworts ;Bryophytes
Chaetophyllopsaceae;Mosses and liverworts ;Bryophytes
Chonecoleaceae;Mosses and liverworts ;Bryophytes
Cinclidotaceae;Mosses and liverworts ;Bryophytes
Cleveaceae;Mosses and liverworts ;Bryophytes
Climaciaceae;Mosses and liverworts ;Bryophytes
Conocephalaceae;Mosses and liverworts ;Bryophytes
Corsiniaceae;Mosses and liverworts ;Bryophytes
Cryphaeaceae;Mosses and liverworts ;Bryophytes
Cyrtopodaceae;Mosses and liverworts ;Bryophytes
Daltoniaceae;Mosses and liverworts ;Bryophytes
Dendrocerotaceae;Mosses and liverworts ;Bryophytes
Dicnemonaceae;Mosses and liverworts ;Bryophytes
Dicranaceae;Mosses and liverworts ;Bryophytes
Diphysciaceae;Mosses and liverworts ;Bryophytes
Disceliaceae;Mosses and liverworts ;Bryophytes
Ditrichaceae;Mosses and liverworts ;Bryophytes
Echinodiaceae;Mosses and liverworts ;Bryophytes
Encalyptaceae;Mosses and liverworts ;Bryophytes
Entodontaceae;Mosses and liverworts ;Bryophytes
Ephemeraceae;Mosses and liverworts ;Bryophytes
Erpodiaceae;Mosses and liverworts ;Bryophytes
Eustichiaceae;Mosses and liverworts ;Bryophytes
Exormothecaceae;Mosses and liverworts ;Bryophytes
Fabroniaceae;Mosses and liverworts ;Bryophytes
Fissidentaceae;Mosses and liverworts ;Bryophytes
Fontinalaceae;Mosses and liverworts ;Bryophytes
Fossombroniaceae;Mosses and liverworts ;Bryophytes
Funariaceae;Mosses and liverworts ;Bryophytes
Geocalycaceae;Mosses and liverworts ;Bryophytes
Gigaspermaceae;Mosses and liverworts ;Bryophytes
Goebeliellaceae;Mosses and liverworts ;Bryophytes
Grimmiaceae;Mosses and liverworts ;Bryophytes
Gymnomitriaceae;Mosses and liverworts ;Bryophytes
Gyrothyraceae;Mosses and liverworts ;Bryophytes
Haplomitriaceae;Mosses and liverworts ;Bryophytes
Hedwigiaceae;Mosses and liverworts ;Bryophytes
Helicophyllaceae;Mosses and liverworts ;Bryophytes
Herbertaceae;Mosses and liverworts ;Bryophytes
Hookeriaceae;Mosses and liverworts ;Bryophytes
Hylocomiaceae;Mosses and liverworts ;Bryophytes
Hymenophytaceae;Mosses and liverworts ;Bryophytes
Hypnaceae;Mosses and liverworts ;Bryophytes
Hypnodendraceae;Mosses and liverworts ;Bryophytes
Hypopterygiaceae;Mosses and liverworts ;Bryophytes
Jackiellaceae;Mosses and liverworts ;Bryophytes
Jubulaceae;Mosses and liverworts ;Bryophytes
Jubulopsaceae;Mosses and liverworts ;Bryophytes
Jungermanniaceae;Mosses and liverworts ;Bryophytes
Lejeuneaceae;Mosses and liverworts ;Bryophytes
Lembophyllaceae;Mosses and liverworts ;Bryophytes
Lepicoleaceae;Mosses and liverworts ;Bryophytes
Lepidolaenaceae;Mosses and liverworts ;Bryophytes
Lepidoziaceae;Mosses and liverworts ;Bryophytes
Leptodontaceae;Mosses and liverworts ;Bryophytes
Lepyrodontaceae;Mosses and liverworts ;Bryophytes
Leskeaceae;Mosses and liverworts ;Bryophytes
Leucodontaceae;Mosses and liverworts ;Bryophytes
Leucomiaceae;Mosses and liverworts ;Bryophytes
Lophocoleaceae;Mosses and liverworts ;Bryophytes
Lophoziaceae;Mosses and liverworts ;Bryophytes
Lunulariaceae;Mosses and liverworts ;Bryophytes
Makinoaceae;Mosses and liverworts ;Bryophytes
Marchantiaceae;Mosses and liverworts ;Bryophytes
Mastigophoraceae;Mosses and liverworts ;Bryophytes
Meesiaceae;Mosses and liverworts ;Bryophytes
Mesoptychiaceae;Mosses and liverworts ;Bryophytes
Meteoriaceae;Mosses and liverworts ;Bryophytes
Metzgeriaceae;Mosses and liverworts ;Bryophytes
Microtheciellaceae;Mosses and liverworts ;Bryophytes
Mitteniaceae;Mosses and liverworts ;Bryophytes
Mizutaniaceae;Mosses and liverworts ;Bryophytes
Mniaceae;Mosses and liverworts ;Bryophytes
Monocarpaceae;Mosses and liverworts ;Bryophytes
Monocleaceae;Mosses and liverworts ;Bryophytes
Monosoleniaceae;Mosses and liverworts ;Bryophytes
Myriniaceae;Mosses and liverworts ;Bryophytes
Myuriaceae;Mosses and liverworts ;Bryophytes
Neckeraceae;Mosses and liverworts ;Bryophytes
Neotrichocoleaceae;Mosses and liverworts ;Bryophytes
Notothyladaceae;Mosses and liverworts ;Bryophytes
Octoblepharaceae;Mosses and liverworts ;Bryophytes
Oedipodiaceae;Mosses and liverworts ;Bryophytes
Orthorrhynchiaceae;Mosses and liverworts ;Bryophytes
Orthotrichaceae;Mosses and liverworts ;Bryophytes
Oxymitraceae;Mosses and liverworts ;Bryophytes
Pallaviciniaceae;Mosses and liverworts ;Bryophytes
Pelliaceae;Mosses and liverworts ;Bryophytes
Phyllodrepaniaceae;Mosses and liverworts ;Bryophytes
Phyllogoniaceae;Mosses and liverworts ;Bryophytes
Pilotrichaceae;Mosses and liverworts ;Bryophytes
Plagiochilaceae;Mosses and liverworts ;Bryophytes
Plagiotheciaceae;Mosses and liverworts ;Bryophytes
Pleurophascaceae;Mosses and liverworts ;Bryophytes
Pleuroziaceae;Mosses and liverworts ;Bryophytes
Pleuroziopsaceae;Mosses and liverworts ;Bryophytes
Polytrichaceae;Mosses and liverworts ;Bryophytes
Porellaceae;Mosses and liverworts ;Bryophytes
Pottiaceae;Mosses and liverworts ;Bryophytes
Prionodontaceae;Mosses and liverworts ;Bryophytes
Pseudoditrichaceae;Mosses and liverworts ;Bryophytes
Pseudolepicoleaceae;Mosses and liverworts ;Bryophytes
Pterigynandraceae;Mosses and liverworts ;Bryophytes
Pterobryaceae;Mosses and liverworts ;Bryophytes
Ptilidiaceae;Mosses and liverworts ;Bryophytes
Ptychomitriaceae;Mosses and liverworts ;Bryophytes
Ptychomniaceae;Mosses and liverworts ;Bryophytes
Racopilaceae;Mosses and liverworts ;Bryophytes
Radulaceae;Mosses and liverworts ;Bryophytes
Regmatodontaceae;Mosses and liverworts ;Bryophytes
Rhabdoweisiaceae;Mosses and liverworts ;Bryophytes
Rhachitheciaceae;Mosses and liverworts ;Bryophytes
Rhacocarpaceae;Mosses and liverworts ;Bryophytes
Rhizogoniaceae;Mosses and liverworts ;Bryophytes
Ricciaceae;Mosses and liverworts ;Bryophytes
Riellaceae;Mosses and liverworts ;Bryophytes
Rigodiaceae;Mosses and liverworts ;Bryophytes
Rutenbergiaceae;Mosses and liverworts ;Bryophytes
Scapaniaceae;Mosses and liverworts ;Bryophytes
Schistochilaceae;Mosses and liverworts ;Bryophytes
Schistostegaceae;Mosses and liverworts ;Bryophytes
Scorpidiaceae;Mosses and liverworts ;Bryophytes
Seligeriaceae;Mosses and liverworts ;Bryophytes
Sematophyllaceae;Mosses and liverworts ;Bryophytes
Serpotortellaceae;Mosses and liverworts ;Bryophytes
Sorapillaceae;Mosses and liverworts ;Bryophytes
Sphaerocarpaceae;Mosses and liverworts ;Bryophytes
Sphagnaceae;Mosses and liverworts ;Bryophytes
Spiridentaceae;Mosses and liverworts ;Bryophytes
Splachnaceae;Mosses and liverworts ;Bryophytes
Splachnobryaceae;Mosses and liverworts ;Bryophytes
Stereophyllaceae;Mosses and liverworts ;Bryophytes
Takakiaceae;Mosses and liverworts ;Bryophytes
Targioniaceae;Mosses and liverworts ;Bryophytes
Tetraphidaceae;Mosses and liverworts ;Bryophytes
Thamnobryaceae;Mosses and liverworts ;Bryophytes
Theliaceae;Mosses and liverworts ;Bryophytes
Thuidiaceae;Mosses and liverworts ;Bryophytes
Timmiaceae;Mosses and liverworts ;Bryophytes
Trachypodaceae;Mosses and liverworts ;Bryophytes
Treubiaceae;Mosses and liverworts ;Bryophytes
Trichocoleaceae;Mosses and liverworts ;Bryophytes
Trichotemnomataceae;Mosses and liverworts ;Bryophytes
Vandiemeniaceae;Mosses and liverworts ;Bryophytes
Vetaformaceae;Mosses and liverworts ;Bryophytes
Viridivelleraceae;Mosses and liverworts ;Bryophytes
Wardiaceae;Mosses and liverworts ;Bryophytes
Wiesnerellaceae;Mosses and liverworts ;Bryophytes
